{"sidebar-1":{"new_paper_ntx_trending_widget-6":{"title":"Tredning Posts","posts_count":"3","mode":"reddish"},"new_paper_ntx_highlight_post-4":{"select":"diminution-to-frequently-sentiments-he-connection","title":"Highlighted Post"},"new_paper_ntx_trending_widget-8":{"title":"Tredning Posts","posts_count":"3","mode":"grey"}},"sidebar-2":{"new_paper_ntx_trending_widget-7":{"title":"Tredning Posts","posts_count":"3","mode":"reddish"},"new_paper_ntx_highlight_post-5":{"select":"diminution-to-frequently-sentiments-he-connection","title":"Highlighted Post"},"new_paper_ntx_trending_widget-9":{"title":"Tredning Posts","posts_count":"3","mode":"grey"}},"hiding-sidebar":{"new_paper_ntx_trending_widget-10":{"title":"Tredning Posts","posts_count":"3","mode":"reddish"},"new_paper_ntx_popular_social_media-5":{"title":"Social Media"},"new_paper_ntx_highlight_post-6":{"select":"the-human-body-is-the-best-work-of-art","title":"Highlighted Post"}},"footer-1":{"new_paper_ntx_page_linking-5":{"select":"about-us","title":"New Paper"},"new_paper_ntx_photo_gallery-5":{"title":"Photo Gallery"}},"footer-2":{"new_paper_ntx_popular_tags-4":{"title":"Popular Tags","max":""},"mc4wp_form_widget-4":{"title":"Newsletter"}},"footer-3":{"nav_menu-4":{"title":"Footer Menu","nav_menu":34},"new_paper_ntx_popular_social_media-4":{"title":"Social Media"},"new_paper_ntx_mobile_store-3":{"title":"Mobile Applications","google_link":"https:\/\/play.google.com\/store\/apps\/details?id=com.icanstudioz.envanteer&hl=en","apple_link":"https:\/\/itunes.apple.com\/np\/app\/google-earth\/id293622097?mt=8","description":"Download our mobile applications from Google Play and Apple Store or decode QR Code just below and start using."}},"top-bar-1":{"new_paper_ntx_date_class-2":{"format":"d l, F Y"}},"top-bar-2":{"nav_menu-5":{"nav_menu":46}},"top-bar-3":{"new_paper_ntx_popular_social_media-6":{"title":""}},"header-ads":{"new_paper_ntx_ads_placeholder-3":{"ads_url":"https:\/\/themeforest.net\/item\/mag-wordpress-online-magazine-theme\/13097443","image":"http:\/\/new-paper.motts.co\/wp-content\/uploads\/2016\/08\/728x90.jpg"}}}